,ODFL
Next Earnings Announcement,2020-07-23 00:00:00
Growth Analysts,15.0
Growth 1yr Low Est,-0.4212651413189771
Growth 1yr High Est,-0.3717948717948717
Growth 1yr Consensus Est,-0.3965300065569244
Growth 2yr Low Est,-0.11179536135716289
Growth 2yr High Est,-0.048142333856619535
Growth 2yr Consensus Est,-0.07996884760689121
Growth 5yr Low Est,-0.05903728315829641
Growth 5yr High Est,-0.006312200471632168
Growth 5yr Consensus Est,-0.03267474181496429
Growth 5yr Actual/Est,0.11476810100689241
Growth 3yr Historic,0.0876544715447155
