,CVS
Next Earnings Announcement,2020-08-05 00:00:00
Growth Analysts,28.0
Growth 1yr Low Est,-0.040000000000000036
Growth 1yr High Est,0.06338028169014098
Growth 1yr Consensus Est,0.011690140845070474
Growth 2yr Low Est,0.003809523809523818
Growth 2yr High Est,0.04957093554705727
Growth 2yr Consensus Est,0.026690229678290545
Growth 5yr Low Est,0.04999266144814091
Growth 5yr High Est,0.07526765374664596
Growth 5yr Consensus Est,0.06263015759739343
Growth 5yr Actual/Est,0.0655153076267202
Growth 3yr Historic,0.04999999999999999
